{
  "environment" : "unittest",
  "summary" : "Zadania domowe SDA dla kursu \"Python od Podstaw\"",
  "title" : "SDA Python PL v2.2",
  "authors" : [
    "SDA"
  ],
  "programming_language" : "Python",
  "language" : "pl",
  "course_type" : "PyCharm",
  "items" : [
    {
      "title" : "Python podstawy",
      "items" : [
        {
          "title" : "Wprowadzenie",
          "task_list" : [
            {
              "name" : "Witaj świecie",
              "files" : {
                "task.py" : {
                  "name" : "task.py",
                  "placeholders" : [ ],
                  "is_visible" : true,
                  "text" : "print(\"Uruchom mnie!\")\n"
                }
              },
              "description_text" : "## Wprowadzenie do IntelliJ EduTools\n\nIntelliJ EduTools to wspaniałe narzędzie, które idealnie nadaje się do nauki programowania w języku **Python** w formie zadań domowych.\n\nŚciągnięte przez Ciebie repozytorium odnosi się do konkretnego modułu w kursie, którego jesteś uczniem. Warto zauważyć, że repozytorium to zostało podzielone na lekcje, gdzie każda z lekcji ma jedno lub kilka zadań.\n\nZadania można podzielić na kilka kategorii:\n* **Teoretyczne** - przedstawiają i omawiają kwestie teoretyczne. W tego typu zadaniach nie piszesz kodu lecz uczysz bądź powtarzasz różne zagadnienia. Może zdarzyć się tak, że zostanie Ci przedstawiony jakiś gotowy program. Aby zobaczyć efekty jego działania, należy kliknąć przycisk `Run`.\n\n* **Weryfikacyjne** - weryfikują Twoją wiedzę teoretyczną za pomocą prostych testów.\n\n* **Praktyczne** - wymagają rozwiązania przedstawionego zadania. Mogą dostarczać częściowo już napisany kod i wymagać od Ciebie dokończenia programu tak aby osiągnąć oczekiwany rezultat. Mogą też oczekiwać napisania całego programu od podstaw. Twoje rozwiązania zawsze weryfikowane są pod kątem poprawności i zadanie zostaje zaliczone tylko wtedy, kiedy program zachowuje się tak jak to zostało przedstawione w wymaganiach zadania. Istnieje także możliwośc podglądu rozwiązania. Mimo wszystko staraj się samemu rozwiązywać problemy i nie korzystać z tej opcji. \n\n\nAby sprawdzić, czy rozwiązanie zadania lub odpowiedzi w teście są poprawne, należy kliknąć przycisk `Check`. Jeżeli wszystko się udało, można przejśc do następnego zadania klikając przycisk `Next`.\n\n---\n\nPrzejdź do przykładowego zadania klikając przycisk `Next` poniżej.\n",
              "description_format" : "MD",
              "feedback_link" : {
                "link_type" : "STEPIK"
              },
              "task_type" : "theory"
            },
            {
              "choiceOptions" : [
                {
                  "text" : "Hello world",
                  "status" : "CORRECT"
                },
                {
                  "text" : "Aloha!",
                  "status" : "INCORRECT"
                },
                {
                  "text" : "Hallo Welt!",
                  "status" : "INCORRECT"
                },
                {
                  "text" : "Dzień dobry",
                  "status" : "INCORRECT"
                }
              ],
              "isMultipleChoice" : false,
              "name" : "Pierwszy quiz",
              "files" : {
                "__init__.py" : {
                  "name" : "__init__.py",
                  "placeholders" : [ ],
                  "is_visible" : false,
                  "text" : ""
                },
                "task.py" : {
                  "name" : "task.py",
                  "placeholders" : [ ],
                  "is_visible" : true,
                  "text" : ""
                }
              },
              "description_text" : "Pierwszy program, jaki pisze każdy programista nazywa się:",
              "description_format" : "MD",
              "feedback_link" : {
                "link_type" : "STEPIK"
              },
              "task_type" : "choice"
            },
            {
              "name" : "Pierwsze zadanie",
              "files" : {
                "__init__.py" : {
                  "name" : "__init__.py",
                  "placeholders" : [ ],
                  "is_visible" : false,
                  "text" : ""
                },
                "tests/output.txt" : {
                  "name" : "tests/output.txt",
                  "placeholders" : [ ],
                  "is_visible" : false,
                  "text" : "Hello world\n"
                },
                "task.py" : {
                  "name" : "task.py",
                  "placeholders" : [
                    {
                      "offset" : 0,
                      "length" : 30,
                      "possible_answer" : "print(\"Hello world\")",
                      "placeholder_text" : "# Tu zaimplementuj rozwiązanie"
                    }
                  ],
                  "is_visible" : true,
                  "text" : "# Tu zaimplementuj rozwiązanie\n"
                }
              },
              "description_text" : "## Witaj świecie\n\nWszyscy wybitni programiści zaczeli swoją przygodę z programowaniem od napisania programu \"Hello world\" (pol. *witaj świecie*).\n\nCelem programu jest po uruchomieniu wyświetlić tekst o treści `Hello world`, a nastepnie zakończyć działanie. To naprostszy możliwy program, jaki da się napisać w każdym języku programowania.\n\nW Pythonie do wyświetlania tekstu na ekranie służy polecenie `print()`. W nawiasach należy podać tekst, który ma zostać wyświetlony na ekranie.\n\nTekst w Pythonie podajemy zawsze w cudzysłowiach (`\"\"`), np. `\"Jakiś tekst\"` czy `\"Cokolwiek\"`.\n\nZapisanie następującego programu:\n\n```python\nprint(\"Jakiś tekst\")\n```\n\ni uruchomienie za pomocą polecenia `Run` (zielony trójkąt w prawym górnym rogu) spowoduje wyświetlenie następującego rezultatu:\n\n```text\nJakiś tekst\n```\n\n---\n\nUzbrojony/a w tę wiedzę, napisz swój pierwszy program, który na ekranie wydrukuje tekst `\"Hello world\"`. Uruchom go, żeby sprawdzić, czy działa prawidłowo. Kiedy będziesz pewny/a, ze jest ok, wciśnij przycisk `Check` poniżej. \n\nJeżeli program działa poprawnie, wciśnij przycisk `Next` aby przejść do właściwej sekcji dotyczącej danego modułu kursu.\n",
              "description_format" : "MD",
              "feedback_link" : {
                "link_type" : "STEPIK"
              },
              "task_type" : "output"
            }
          ],
          "type" : "lesson"
        },
        {
          "title" : "Quiz",
          "task_list" : [
            {
              "choiceOptions" : [
                {
                  "text" : "print(\"Hello World\")",
                  "status" : "CORRECT"
                },
                {
                  "text" : "System.out.println(\"Hello World\")",
                  "status" : "INCORRECT"
                },
                {
                  "text" : "Console.WriteLine(\"Hello World\")",
                  "status" : "INCORRECT"
                },
                {
                  "text" : "echo(\"Hello World\")",
                  "status" : "INCORRECT"
                }
              ],
              "isMultipleChoice" : false,
              "name" : "question01",
              "files" : {
                "main.py" : {
                  "name" : "main.py",
                  "placeholders" : [ ],
                  "is_visible" : true,
                  "text" : "if __name__ == \"__main__\":\n    pass\n"
                }
              },
              "description_text" : "Jak w Pythonie wypisać tekst \"Hello World\" w konsoli?\n",
              "description_format" : "MD",
              "feedback_link" : {
                "link_type" : "STEPIK"
              },
              "task_type" : "choice"
            },
            {
              "choiceOptions" : [
                {
                  "text" : "// komentarz",
                  "status" : "INCORRECT"
                },
                {
                  "text" : "/* komentarz",
                  "status" : "INCORRECT"
                },
                {
                  "text" : "# komentarz",
                  "status" : "CORRECT"
                },
                {
                  "text" : "!-- komentarz",
                  "status" : "INCORRECT"
                }
              ],
              "isMultipleChoice" : false,
              "name" : "question02",
              "files" : {
                "main.py" : {
                  "name" : "main.py",
                  "placeholders" : [ ],
                  "is_visible" : true,
                  "text" : "if __name__ == \"__main__\":\n    pass\n"
                }
              },
              "description_text" : "Jak w Pythonie wstawić komentarz w kodzie?\n",
              "description_format" : "MD",
              "feedback_link" : {
                "link_type" : "STEPIK"
              },
              "task_type" : "choice"
            },
            {
              "choiceOptions" : [
                {
                  "text" : "myString",
                  "status" : "INCORRECT"
                },
                {
                  "text" : "string",
                  "status" : "INCORRECT"
                },
                {
                  "text" : "Txt",
                  "status" : "INCORRECT"
                },
                {
                  "text" : "str",
                  "status" : "CORRECT"
                }
              ],
              "isMultipleChoice" : false,
              "name" : "question03",
              "files" : {
                "main.py" : {
                  "name" : "main.py",
                  "placeholders" : [ ],
                  "is_visible" : true,
                  "text" : "if __name__ == \"__main__\":\n    pass\n"
                }
              },
              "description_text" : "Który typ danych używany jest do przechowywania tekstu w Pythonie?\n",
              "description_format" : "MD",
              "feedback_link" : {
                "link_type" : "STEPIK"
              },
              "task_type" : "choice"
            },
            {
              "choiceOptions" : [
                {
                  "text" : "x = 5;",
                  "status" : "CORRECT"
                },
                {
                  "text" : "float x = 5;",
                  "status" : "INCORRECT"
                },
                {
                  "text" : "int x = 5;",
                  "status" : "INCORRECT"
                },
                {
                  "text" : "num x = 5;",
                  "status" : "INCORRECT"
                }
              ],
              "isMultipleChoice" : false,
              "name" : "question04",
              "files" : {
                "main.py" : {
                  "name" : "main.py",
                  "placeholders" : [ ],
                  "is_visible" : true,
                  "text" : "if __name__ == \"__main__\":\n    pass\n"
                }
              },
              "description_text" : "Jak tworzy się zmienną liczbową całkowitą o wartości 5 w Pythonie?\n",
              "description_format" : "MD",
              "feedback_link" : {
                "link_type" : "STEPIK"
              },
              "task_type" : "choice"
            },
            {
              "choiceOptions" : [
                {
                  "text" : "byte x = 2.8f;",
                  "status" : "INCORRECT"
                },
                {
                  "text" : "float x = 2.8f;",
                  "status" : "INCORRECT"
                },
                {
                  "text" : "int x = 2.8f;",
                  "status" : "INCORRECT"
                },
                {
                  "text" : "x = 2.8",
                  "status" : "CORRECT"
                }
              ],
              "isMultipleChoice" : false,
              "name" : "question05",
              "files" : {
                "main.py" : {
                  "name" : "main.py",
                  "placeholders" : [ ],
                  "is_visible" : true,
                  "text" : "if __name__ == \"__main__\":\n    pass\n"
                }
              },
              "description_text" : "Jak tworzy się zmienną zmiennoprzecinkową o wartości 2,8 w Pythonie?\n",
              "description_format" : "MD",
              "feedback_link" : {
                "link_type" : "STEPIK"
              },
              "task_type" : "choice"
            },
            {
              "choiceOptions" : [
                {
                  "text" : "getLenght()",
                  "status" : "INCORRECT"
                },
                {
                  "text" : "len()",
                  "status" : "CORRECT"
                },
                {
                  "text" : "getSize()",
                  "status" : "INCORRECT"
                },
                {
                  "text" : "legnth()",
                  "status" : "INCORRECT"
                }
              ],
              "isMultipleChoice" : false,
              "name" : "question06",
              "files" : {
                "main.py" : {
                  "name" : "main.py",
                  "placeholders" : [ ],
                  "is_visible" : true,
                  "text" : "if __name__ == \"__main__\":\n    pass\n"
                }
              },
              "description_text" : "Która metoda służy do sprawdzenia długości tekstu w klasie `str`?\n",
              "description_format" : "MD",
              "feedback_link" : {
                "link_type" : "STEPIK"
              },
              "task_type" : "choice"
            },
            {
              "choiceOptions" : [
                {
                  "text" : "Prawda",
                  "status" : "CORRECT"
                },
                {
                  "text" : "Fałsz",
                  "status" : "INCORRECT"
                }
              ],
              "isMultipleChoice" : false,
              "name" : "question07",
              "files" : {
                "main.py" : {
                  "name" : "main.py",
                  "placeholders" : [ ],
                  "is_visible" : true,
                  "text" : "if __name__ == \"__main__\":\n    pass\n"
                }
              },
              "description_text" : "Wartość zmiennej typu `str` może być alternatywnie do cudzysłowów opatrzona apostrofami.\n",
              "description_format" : "MD",
              "feedback_link" : {
                "link_type" : "STEPIK"
              },
              "task_type" : "choice"
            },
            {
              "choiceOptions" : [
                {
                  "text" : "upperCase()",
                  "status" : "INCORRECT"
                },
                {
                  "text" : "toUpperLetters()",
                  "status" : "INCORRECT"
                },
                {
                  "text" : "upperLetters()",
                  "status" : "INCORRECT"
                },
                {
                  "text" : "upper()",
                  "status" : "CORRECT"
                }
              ],
              "isMultipleChoice" : false,
              "name" : "question08",
              "files" : {
                "main.py" : {
                  "name" : "main.py",
                  "placeholders" : [ ],
                  "is_visible" : true,
                  "text" : "if __name__ == \"__main__\":\n    pass\n"
                }
              },
              "description_text" : "Która metoda służy do zamiany liter w tekście na wielkie litery?",
              "description_format" : "MD",
              "feedback_link" : {
                "link_type" : "STEPIK"
              },
              "task_type" : "choice"
            },
            {
              "choiceOptions" : [
                {
                  "text" : "arr = 1, 2, 3",
                  "status" : "INCORRECT"
                },
                {
                  "text" : "arr[] = 1, 2, 3",
                  "status" : "INCORRECT"
                },
                {
                  "text" : "arr = []",
                  "status" : "CORRECT"
                },
                {
                  "text" : "arr = []{}",
                  "status" : "INCORRECT"
                }
              ],
              "isMultipleChoice" : false,
              "name" : "question09",
              "files" : {
                "main.py" : {
                  "name" : "main.py",
                  "placeholders" : [ ],
                  "is_visible" : true,
                  "text" : "if __name__ == \"__main__\":\n    pass\n"
                }
              },
              "description_text" : "Aby zadeklarować tablicę w Pythonie, należy napisać:\n",
              "description_format" : "MD",
              "feedback_link" : {
                "link_type" : "STEPIK"
              },
              "task_type" : "choice"
            },
            {
              "choiceOptions" : [
                {
                  "text" : "get",
                  "status" : "INCORRECT"
                },
                {
                  "text" : "break",
                  "status" : "INCORRECT"
                },
                {
                  "text" : "void",
                  "status" : "INCORRECT"
                },
                {
                  "text" : "return",
                  "status" : "CORRECT"
                }
              ],
              "isMultipleChoice" : false,
              "name" : "question10",
              "files" : {
                "main.py" : {
                  "name" : "main.py",
                  "placeholders" : [ ],
                  "is_visible" : true,
                  "text" : "if __name__ == \"__main__\":\n    pass\n"
                }
              },
              "description_text" : "Które słowo zarezerwowane jest używane w celu zwrócenia wartości?",
              "description_format" : "MD",
              "feedback_link" : {
                "link_type" : "STEPIK"
              },
              "task_type" : "choice"
            },
            {
              "choiceOptions" : [
                {
                  "text" : "String komunikat = ‘Nieprawidłowa wartość’;",
                  "status" : "INCORRECT"
                },
                {
                  "text" : "cena = 103,12;",
                  "status" : "INCORRECT"
                },
                {
                  "text" : "milion = 1_000_000;",
                  "status" : "CORRECT"
                },
                {
                  "text" : "wyjscie == “x”;",
                  "status" : "INCORRECT"
                },
                {
                  "text" : "char opis = ‘Aparat forograficzny’;",
                  "status" : "INCORRECT"
                }
              ],
              "isMultipleChoice" : false,
              "name" : "question11",
              "files" : {
                "main.py" : {
                  "name" : "main.py",
                  "placeholders" : [ ],
                  "is_visible" : true,
                  "text" : "if __name__ == \"__main__\":\n    pass\n"
                }
              },
              "description_text" : "Która z poniższych zmiennych jest zainicjowana prawidłowo?",
              "description_format" : "MD",
              "feedback_link" : {
                "link_type" : "STEPIK"
              },
              "task_type" : "choice"
            },
            {
              "choiceOptions" : [
                {
                  "text" : "stop",
                  "status" : "INCORRECT"
                },
                {
                  "text" : "return",
                  "status" : "INCORRECT"
                },
                {
                  "text" : "break",
                  "status" : "CORRECT"
                },
                {
                  "text" : "exit",
                  "status" : "INCORRECT"
                }
              ],
              "isMultipleChoice" : false,
              "name" : "question12",
              "files" : {
                "main.py" : {
                  "name" : "main.py",
                  "placeholders" : [ ],
                  "is_visible" : true,
                  "text" : "if __name__ == \"__main__\":\n    pass\n"
                }
              },
              "description_text" : "Które słowo zarezerwowane jest używane wyłącznie w celu przerwania pętli?",
              "description_format" : "MD",
              "feedback_link" : {
                "link_type" : "STEPIK"
              },
              "task_type" : "choice"
            },
            {
              "choiceOptions" : [
                {
                  "text" : "my_var",
                  "status" : "INCORRECT"
                },
                {
                  "text" : "my-var",
                  "status" : "INCORRECT"
                },
                {
                  "text" : "_myvar",
                  "status" : "CORRECT"
                },
                {
                  "text" : "Myvar",
                  "status" : "INCORRECT"
                }
              ],
              "isMultipleChoice" : false,
              "name" : "question13",
              "files" : {
                "main.py" : {
                  "name" : "main.py",
                  "placeholders" : [ ],
                  "is_visible" : true,
                  "text" : "if __name__== \"__main__\":\n    pass\n"
                }
              },
              "description_text" : "Która nazwa zmiennych nie jest poprawna?\n",
              "description_format" : "MD",
              "feedback_link" : {
                "link_type" : "STEPIK"
              },
              "task_type" : "choice"
            },
            {
              "choiceOptions" : [
                {
                  "text" : "x = \"Hello\".sub(0, 1)",
                  "status" : "INCORRECT"
                },
                {
                  "text" : "x = \"Hello\"[0]",
                  "status" : "CORRECT"
                },
                {
                  "text" : "x = sub(\"Hello\", 0, 1)",
                  "status" : "INCORRECT"
                }
              ],
              "isMultipleChoice" : false,
              "name" : "question14",
              "files" : {
                "main.py" : {
                  "name" : "main.py",
                  "placeholders" : [ ],
                  "is_visible" : true,
                  "text" : "if __name__== \"__main__\":\n    pass\n"
                }
              },
              "description_text" : "Jak zwrócić pierwszą literę tekstu?\n",
              "description_format" : "MD",
              "feedback_link" : {
                "link_type" : "STEPIK"
              },
              "task_type" : "choice"
            },
            {
              "choiceOptions" : [
                {
                  "text" : "trim()",
                  "status" : "INCORRECT"
                },
                {
                  "text" : "strip()",
                  "status" : "CORRECT"
                },
                {
                  "text" : "ptrim()",
                  "status" : "INCORRECT"
                },
                {
                  "text" : "len()",
                  "status" : "INCORRECT"
                }
              ],
              "isMultipleChoice" : false,
              "name" : "question15",
              "files" : {
                "main.py" : {
                  "name" : "main.py",
                  "placeholders" : [ ],
                  "is_visible" : true,
                  "text" : "if __name__== \"__main__\":\n    pass\n"
                }
              },
              "description_text" : "Która metoda jest używana do usunięcia białych znaków na początku i końcu tekstu?\n",
              "description_format" : "MD",
              "feedback_link" : {
                "link_type" : "STEPIK"
              },
              "task_type" : "choice"
            },
            {
              "choiceOptions" : [
                {
                  "text" : "{\"name\": \"apple\", \"color\": \"green\"}",
                  "status" : "INCORRECT"
                },
                {
                  "text" : "(\"apple\", \"banana\", \"cherry\")",
                  "status" : "INCORRECT"
                },
                {
                  "text" : "{\"apple\", \"banana\", \"cherry\"}",
                  "status" : "INCORRECT"
                },
                {
                  "text" : "[\"apple\", \"banana\", \"cherry\"]",
                  "status" : "CORRECT"
                }
              ],
              "isMultipleChoice" : false,
              "name" : "question16",
              "files" : {
                "main.py" : {
                  "name" : "main.py",
                  "placeholders" : [ ],
                  "is_visible" : true,
                  "text" : "if __name__== \"__main__\":\n    pass\n"
                }
              },
              "description_text" : "Która z kolekcji jest listą?\n",
              "description_format" : "MD",
              "feedback_link" : {
                "link_type" : "STEPIK"
              },
              "task_type" : "choice"
            },
            {
              "choiceOptions" : [
                {
                  "text" : "{\"name\": \"apple\", \"color\": \"green\"}",
                  "status" : "INCORRECT"
                },
                {
                  "text" : "(\"apple\", \"banana\", \"cherry\")",
                  "status" : "CORRECT"
                },
                {
                  "text" : "{\"apple\", \"banana\", \"cherry\"}",
                  "status" : "INCORRECT"
                },
                {
                  "text" : "[\"apple\", \"banana\", \"cherry\"]",
                  "status" : "INCORRECT"
                }
              ],
              "isMultipleChoice" : false,
              "name" : "question17",
              "files" : {
                "main.py" : {
                  "name" : "main.py",
                  "placeholders" : [ ],
                  "is_visible" : true,
                  "text" : "if __name__== \"__main__\":\n    pass\n"
                }
              },
              "description_text" : "Która z kolekcji jest kolekcją typu tuple?\n",
              "description_format" : "MD",
              "feedback_link" : {
                "link_type" : "STEPIK"
              },
              "task_type" : "choice"
            },
            {
              "choiceOptions" : [
                {
                  "text" : "{\"name\": \"apple\", \"color\": \"green\"}",
                  "status" : "INCORRECT"
                },
                {
                  "text" : "(\"apple\", \"banana\", \"cherry\")",
                  "status" : "INCORRECT"
                },
                {
                  "text" : "{\"apple\", \"banana\", \"cherry\"}",
                  "status" : "CORRECT"
                },
                {
                  "text" : "[\"apple\", \"banana\", \"cherry\"]",
                  "status" : "INCORRECT"
                }
              ],
              "isMultipleChoice" : false,
              "name" : "question18",
              "files" : {
                "main.py" : {
                  "name" : "main.py",
                  "placeholders" : [ ],
                  "is_visible" : true,
                  "text" : "if __name__== \"__main__\":\n    pass\n"
                }
              },
              "description_text" : "Która z kolekcji jest kolekcją typu set?\n",
              "description_format" : "MD",
              "feedback_link" : {
                "link_type" : "STEPIK"
              },
              "task_type" : "choice"
            },
            {
              "choiceOptions" : [
                {
                  "text" : "{\"name\": \"apple\", \"color\": \"green\"}",
                  "status" : "CORRECT"
                },
                {
                  "text" : "(\"apple\", \"banana\", \"cherry\")",
                  "status" : "INCORRECT"
                },
                {
                  "text" : "{\"apple\", \"banana\", \"cherry\"}",
                  "status" : "INCORRECT"
                },
                {
                  "text" : "[\"apple\", \"banana\", \"cherry\"]",
                  "status" : "INCORRECT"
                }
              ],
              "isMultipleChoice" : false,
              "name" : "question19",
              "files" : {
                "main.py" : {
                  "name" : "main.py",
                  "placeholders" : [ ],
                  "is_visible" : true,
                  "text" : "if __name__== \"__main__\":\n    pass\n"
                }
              },
              "description_text" : "Która z kolekcji jest kolekcją typu dictionary?\n",
              "description_format" : "MD",
              "feedback_link" : {
                "link_type" : "STEPIK"
              },
              "task_type" : "choice"
            },
            {
              "choiceOptions" : [
                {
                  "text" : "List",
                  "status" : "CORRECT"
                },
                {
                  "text" : "Dictionary",
                  "status" : "INCORRECT"
                },
                {
                  "text" : "Tuple",
                  "status" : "INCORRECT"
                },
                {
                  "text" : "Set",
                  "status" : "INCORRECT"
                }
              ],
              "isMultipleChoice" : false,
              "name" : "question20",
              "files" : {
                "main.py" : {
                  "name" : "main.py",
                  "placeholders" : [ ],
                  "is_visible" : true,
                  "text" : "if __name__== \"__main__\":\n    pass\n"
                }
              },
              "description_text" : "Która kolekcja jest posortowana, edytowalna i pozwala na zduplikowane wartości?\n",
              "description_format" : "MD",
              "feedback_link" : {
                "link_type" : "STEPIK"
              },
              "task_type" : "choice"
            },
            {
              "choiceOptions" : [
                {
                  "text" : "print(typeOf(x))",
                  "status" : "INCORRECT"
                },
                {
                  "text" : "print(typeof(x))",
                  "status" : "INCORRECT"
                },
                {
                  "text" : "print(type(x))",
                  "status" : "CORRECT"
                },
                {
                  "text" : "print(typeof x)",
                  "status" : "INCORRECT"
                }
              ],
              "isMultipleChoice" : false,
              "name" : "question21",
              "files" : {
                "main.py" : {
                  "name" : "main.py",
                  "placeholders" : [ ],
                  "is_visible" : true,
                  "text" : "if __name__== \"__main__\":\n    pass\n"
                }
              },
              "description_text" : "Jak sprawdzić typ zmiennej?\n",
              "description_format" : "MD",
              "feedback_link" : {
                "link_type" : "STEPIK"
              },
              "task_type" : "choice"
            }
          ],
          "type" : "lesson"
        },
        {
          "title" : "Zadania",
          "task_list" : [
            {
              "name" : "task01",
              "files" : {
                "tests/test_task.py" : {
                  "name" : "tests/test_task.py",
                  "placeholders" : [ ],
                  "is_visible" : false,
                  "text" : "import unittest\n\n\ndef run(lines):\n    try:\n        import traceback\n    except:\n        return \"can't import traceback\"\n    try:\n        import os\n        import pathlib\n        import subprocess\n        import sys\n        file_dir = pathlib.Path(__file__).absolute().parent\n        cmd = [sys.executable, str(file_dir.parent / 'task.py')]\n        proc = subprocess.Popen(cmd,\n                                stdout=subprocess.PIPE,\n                                stderr=subprocess.PIPE,\n                                stdin=subprocess.PIPE,\n                                encoding='utf-8',   # also for universal newlines\n                                )\n        # we need to use '\\n' even on Windows\n        stdout, stderr = proc.communicate('\\n'.join(lines) + '\\n')\n        # if everything is fine, stderr is empty\n        return stdout + stderr\n    except:\n        return f\"cwd: {os.getcwd()}\\n{traceback.format_exc()}\"\n\n\n\nclass TestCase(unittest.TestCase):\n    def test_1(self):\n        out = run(['185', '70.0'])\n        self.assertEqual('Zapnij pasy!\\n', out,\n                         msg=\"Osoba o wzroście 185cm oraz wadze 70kg może jechać.\")\n\n    def test_2(self):\n        out = run(['150', '70.1'])\n        self.assertEqual('Zapnij pasy!\\n', out,\n                         msg=\"Osoba o wzroście 150cm oraz wadze 70,1kg może jechać.\")\n\n    def test_3(self):\n        out = run(['185', '180'])\n        self.assertEqual('Zapnij pasy!\\n', out,\n                         msg=\"Osoba o wzroście 185cm oraz wadze 180kg może jechać.\")\n\n    def test_4(self):\n        out = run(['185', '181'])\n        self.assertEqual('Przykro mi, nie możesz jechać!\\n', out,\n                         msg=\"Osoba o wzroście 185cm oraz wadze 181kg nie może jechać.\")\n\n    def test_5(self):\n        out = run(['149', '70.1'])\n        self.assertEqual('Przykro mi, nie możesz jechać!\\n', out,\n                         msg=\"Osoba o wzroście 149cm oraz wadze 70,1kg nie może jechać.\")"
                },
                "task.py" : {
                  "name" : "task.py",
                  "placeholders" : [
                    {
                      "offset" : 0,
                      "length" : 30,
                      "possible_answer" : "height = int(input())\nweight = float(input())\n\nif height < 150 or weight > 180.0:\n    print(\"Przykro mi, nie możesz jechać!\")\nelse:\n    print(\"Zapnij pasy!\")",
                      "placeholder_text" : "# Tu zaimplementuj rozwiązanie"
                    }
                  ],
                  "is_visible" : true,
                  "text" : "# Tu zaimplementuj rozwiązanie\n"
                }
              },
              "description_text" : "Napisz program, który na podstawie zmiennych: wzrost - `height (int)` oraz waga - `weight (float)` sprawdza, czy dana osoba może jechać kolejką górską.\n\nW przypadku kiedy osoba ma **co najmniej** 150cm oraz **nie przekracza** wagi 180kg, program wypisze w konsoli `\"Zapnij pasy!\"`, w przeciwnym wypadku wypisze w konsoli `\"Przykro mi, nie możesz jechać!\"`.\n\nDane pobierz od użytkownika w konsoli za pomocą funkcji `input()`. Nie podawaj do niej żadnego argumentu.\n",
              "description_format" : "MD",
              "feedback_link" : {
                "link_type" : "STEPIK"
              },
              "task_type" : "edu"
            },
            {
              "name" : "task02",
              "files" : {
                "task.py" : {
                  "name" : "task.py",
                  "placeholders" : [
                    {
                      "offset" : 0,
                      "length" : 30,
                      "possible_answer" : "temp_in_celsius = float(input())\n\nprint(1.8 * temp_in_celsius + 32.0)",
                      "placeholder_text" : "# Tu zaimplementuj rozwiązanie"
                    }
                  ],
                  "is_visible" : true,
                  "text" : "# Tu zaimplementuj rozwiązanie\n"
                },
                "tests/test_task.py" : {
                  "name" : "tests/test_task.py",
                  "placeholders" : [ ],
                  "is_visible" : false,
                  "text" : "import unittest\n\n\ndef run(lines):\n    try:\n        import traceback\n    except:\n        return \"can't import traceback\"\n    try:\n        import os\n        import pathlib\n        import subprocess\n        import sys\n        file_dir = pathlib.Path(__file__).absolute().parent\n        cmd = [sys.executable, str(file_dir.parent / 'task.py')]\n        proc = subprocess.Popen(cmd,\n                                stdout=subprocess.PIPE,\n                                stderr=subprocess.PIPE,\n                                stdin=subprocess.PIPE,\n                                encoding='utf-8',   # also for universal newlines\n                                )\n        # we need to use '\\n' even on Windows\n        stdout, stderr = proc.communicate('\\n'.join(lines) + '\\n')\n        # if everything is fine, stderr is empty\n        return stdout + stderr\n    except:\n        return f\"cwd: {os.getcwd()}\\n{traceback.format_exc()}\"\n\n\nclass TestCase(unittest.TestCase):\n    def test_1(self):\n        out = run(['32'])\n        self.assertEqual(89.6, round(float(out), 2),\n                         msg=\"32 stopnie Celsjusza to 89.6 stopnie Fahrenheita.\")\n\n    def test_2(self):\n        out = run(['62'])\n        self.assertEqual(143.6, round(float(out), 2),\n                         msg=\"62 stopnie Celsjusza to 143.6 stopnie Fahrenheita.\")\n\n    def test_3(self):\n        out = run(['-22'])\n        self.assertEqual(-7.6, round(float(out), 2),\n                         msg=\"-22 stopnie Celsjusza to -7.6 stopni Fahrenheita.\")\n\n    def test_4(self):\n        out = run(['0'])\n        self.assertEqual(32.0, round(float(out), 2),\n                         msg=\"0 stopni Celsjusza to 32 stopnie Fahrenheita.\")\n\n"
                }
              },
              "description_text" : "Napisz program, który na podstawie zmiennej temperatura w stopniach Celsjusza - `temp_in_celsius (float)`, obliczał będzie temperaturę w stopniach Farhenheita (stopnie Fahrenheita = 1.8 * stopnie Celsjusza + 32.0) i wypisywał ją w konsoli.\n\nTemperaturę pobierz od użytkownika w konsoli za pomocą funkcji `input()`.  Nie podawaj do niej żadnego argumentu.\n",
              "description_format" : "MD",
              "feedback_link" : {
                "link_type" : "STEPIK"
              },
              "task_type" : "edu"
            },
            {
              "name" : "task03",
              "files" : {
                "tests/test_task.py" : {
                  "name" : "tests/test_task.py",
                  "placeholders" : [ ],
                  "is_visible" : false,
                  "text" : "import unittest\n\n\ndef run(lines):\n    try:\n        import traceback\n    except:\n        return \"can't import traceback\"\n    try:\n        import os\n        import pathlib\n        import subprocess\n        import sys\n        file_dir = pathlib.Path(__file__).absolute().parent\n        cmd = [sys.executable, str(file_dir.parent / 'task.py')]\n        proc = subprocess.Popen(cmd,\n                                stdout=subprocess.PIPE,\n                                stderr=subprocess.PIPE,\n                                stdin=subprocess.PIPE,\n                                encoding='utf-8',   # also for universal newlines\n                                )\n        # we need to use '\\n' even on Windows\n        stdout, stderr = proc.communicate('\\n'.join(lines) + '\\n')\n        # if everything is fine, stderr is empty\n        return stdout + stderr\n    except:\n        return f\"cwd: {os.getcwd()}\\n{traceback.format_exc()}\"\n\n\nclass TestCase(unittest.TestCase):\n    def test_1(self):\n        out = run(['5400'])\n        self.assertEqual(415.98, round(float(out), 2),\n                         msg=\"Podatek od 5.400zł wynosi 415,98zł.\")\n\n    def test_2(self):\n        out = run(['543200.54'])\n        self.assertEqual(161294.23, round(float(out), 2),\n                         msg=\"Podatek od 543.200,54zł wynosi 161.294,23zł.\")\n\n    def test_3(self):\n        out = run(['0'])\n        self.assertEqual(0.0, round(float(out), 2),\n                         msg=\"Podatek od 0,00zł wynosi 0,00zł.\")\n\n    def test_4(self):\n        out = run(['320.0'])\n        self.assertEqual(0.0, round(float(out), 2),\n                         msg=\"Podatek od 320,00zł wynosi 0,00zł.\")\n\n"
                },
                "task.py" : {
                  "name" : "task.py",
                  "placeholders" : [
                    {
                      "offset" : 0,
                      "length" : 30,
                      "possible_answer" : "income = float(input())\n\nif income <= 85528.0:\n    calculated_tax = income * 0.18 - 556.02\n\n    if calculated_tax < 0:\n        calculated_tax = 0\n\n    print(calculated_tax)\nelse:\n    print(14839.02 + 0.32 * (income - 85528.0))",
                      "placeholder_text" : "# Tu zaimplementuj rozwiązanie"
                    }
                  ],
                  "is_visible" : true,
                  "text" : "# Tu zaimplementuj rozwiązanie\n"
                }
              },
              "description_text" : "Napisz program, który na podstawie zmiennej: przychód - `income (float)`, obliczał będzie kwotę należnego podatku dochodowego od osób fizycznych i wypisywał ją w konsoli.\n\nPodatek obliczany jest według następujących reguł:  \n* do 85.528,00 podatek wynosi 18% podstawy minus 556,02 PLN, \n* od 85.528,00 podatek wynosi 14.839,02 zł + 32% nadwyżki ponad 85.528,00.\n\nPrzychód pobierz od użytkownika w konsoli za pomocą funkcji `input()`. Nie podawaj do niej żadnego argumentu.\n",
              "description_format" : "MD",
              "feedback_link" : {
                "link_type" : "STEPIK"
              },
              "task_type" : "edu"
            },
            {
              "name" : "task04",
              "files" : {
                "task.py" : {
                  "name" : "task.py",
                  "placeholders" : [
                    {
                      "offset" : 0,
                      "length" : 30,
                      "possible_answer" : "amount = float(input())\nnumber_of_installments = int(input())\n\nif amount < 100.0 or amount > 10000.0:\n    amount = 5000\n\nif number_of_installments < 6 or number_of_installments > 48:\n    number_of_installments = 36\n\nif number_of_installments <= 12:\n    loan_interest = 0.025\nelif number_of_installments <= 24:\n    loan_interest = 0.05\nelse:\n    loan_interest = 0.1\n\nprint(amount * (1.0 + loan_interest) / number_of_installments)\n",
                      "placeholder_text" : "# Tu zaimplementuj rozwiązanie"
                    }
                  ],
                  "is_visible" : true,
                  "text" : "# Tu zaimplementuj rozwiązanie"
                },
                "tests/test_task.py" : {
                  "name" : "tests/test_task.py",
                  "placeholders" : [ ],
                  "is_visible" : false,
                  "text" : "import unittest\n\n\ndef run(lines):\n    try:\n        import traceback\n    except:\n        return \"can't import traceback\"\n    try:\n        import os\n        import pathlib\n        import subprocess\n        import sys\n        file_dir = pathlib.Path(__file__).absolute().parent\n        cmd = [sys.executable, str(file_dir.parent / 'task.py')]\n        proc = subprocess.Popen(cmd,\n                                stdout=subprocess.PIPE,\n                                stderr=subprocess.PIPE,\n                                stdin=subprocess.PIPE,\n                                encoding='utf-8',   # also for universal newlines\n                                )\n        # we need to use '\\n' even on Windows\n        stdout, stderr = proc.communicate('\\n'.join(lines) + '\\n')\n        # if everything is fine, stderr is empty\n        return stdout + stderr\n    except:\n        return f\"cwd: {os.getcwd()}\\n{traceback.format_exc()}\"\n\n\nclass TestCase(unittest.TestCase):\n    def test_1(self):\n        out = run(['10', '10'])\n        self.assertEqual(512.50, round(float(out), 2),\n                         msg=\"Rata od kwoty 10.00 na 10 miesięcy wynosi 512.50 pownieważ kwota została podniesiona do 5,000.00.\")\n\n    def test_2(self):\n        out = run(['100000', '10'])\n        self.assertEqual(512.50, round(float(out), 2),\n                         msg=\"Rata od kwoty 10,000.00 na 10 miesięcy wynosi 512.50 ponieważ kwota została pomniejszona do 5,000.00.\")\n\n    def test_3(self):\n        out = run(['1000', '50'])\n        self.assertEqual(30.56, round(float(out), 2),\n                         msg=\"Rata od kwoty 1,000.00 na 50 miesięcy wynosi 30.56 ponieważ ilość rat została zmniejszona do 36.\")\n\n    def test_4(self):\n        out = run(['1000', '2'])\n        self.assertEqual(30.56, round(float(out), 2),\n                         msg=\"Rata od kwoty 1,000.00 na 2 miesięcy wynosi 30.56 ponieważ ilość rat została zwiększona do 36.\")\n\n    def test_5(self):\n        out = run(['7500.50', '36'])\n        self.assertEqual(229.18, round(float(out), 2),\n                         msg=\"Rata od kwoty 7,500.50 na 36 miesięcy wynosi 229.18.\")\n\n"
                }
              },
              "description_text" : "Napisz program, który na podstawie zmiennych: kwota - `amount (float)` oraz liczby rat - `number_of_installments (int)`, obliczał będzie miesięczną kwote raty pożyczki i wypisywał ją w konsoli. Parametry posiadają ograniczenia:\n* kwota pożyczki musi mieścić się w przedziale od 100,00zł do 10.000,00zł,\n* liczba rat musi mieścić się w przedziale od 6 do 48.\n\nW przypadku wykroczenia kwoty pożyczki poza akceptowalny przedział, kwota pożyczki powinna być ustawiona na 5.000,00zł. W przypadku wykroczenia ilości rat poza akceptowalny przedział, ilośc rat powinna być ustawiona na 36.\n\nObliczona miesięczna rata powinna zawierać również odsetki. Dla uproszczenia obliczeń, przyjmij, że do kwoty pożyczki doliczasz X procent w zależności od ilości rat:\n* 6-12 rat - 2,5%,\n* 13-24 rat - 5,0%,\n* 25-48 rat - 10,0%,\n\na następnie obliczasz kwotę raty na podstawie ilości rat.\n\nDane pobierz od użytkownika w konsoli za pomocą funkcji `input()`. Nie podawaj do niej żadnego argumentu.\n",
              "description_format" : "MD",
              "feedback_link" : {
                "link_type" : "STEPIK"
              },
              "task_type" : "edu"
            },
            {
              "name" : "task05",
              "files" : {
                "tests/test_task.py" : {
                  "name" : "tests/test_task.py",
                  "placeholders" : [ ],
                  "is_visible" : false,
                  "text" : "import unittest\n\n\ndef run(lines):\n    try:\n        import traceback\n    except:\n        return \"can't import traceback\"\n    try:\n        import os\n        import pathlib\n        import subprocess\n        import sys\n        file_dir = pathlib.Path(__file__).absolute().parent\n        cmd = [sys.executable, str(file_dir.parent / 'task.py')]\n        proc = subprocess.Popen(cmd,\n                                stdout=subprocess.PIPE,\n                                stderr=subprocess.PIPE,\n                                stdin=subprocess.PIPE,\n                                encoding='utf-8',   # also for universal newlines\n                                )\n        # we need to use '\\n' even on Windows\n        stdout, stderr = proc.communicate('\\n'.join(lines) + '\\n')\n        # if everything is fine, stderr is empty\n        return stdout + stderr\n    except:\n        return f\"cwd: {os.getcwd()}\\n{traceback.format_exc()}\"\n\n\nclass TestCase(unittest.TestCase):\n    def test_1(self):\n        out = run(['15'])\n        self.assertEqual(\"1\\n3\\n5\\n7\\n9\\n11\\n13\\n15\\n\", out,\n                         msg=\"Dla liczby 15, program powinien wypisać w konsoli liczby 1, 3, 5, 7, 9, 11, 13, 15.\")\n\n    def test_2(self):\n        out = run(['1'])\n        self.assertEqual(\"1\\n\", out,\n                         msg=\"Dla liczby 1, program powinien wypisać w konsoli liczbę 1.\")\n\n    def test_3(self):\n        out = run(['0'])\n        self.assertEqual(\"\", out,\n                         msg=\"Dla liczby 0, program nie powinien nic wypisać w konsoli.\")\n\n"
                },
                "task.py" : {
                  "name" : "task.py",
                  "placeholders" : [
                    {
                      "offset" : 0,
                      "length" : 30,
                      "possible_answer" : "number = int(input())\n\nfor i in range(1, number + 1, 2):\n    print(i)\n",
                      "placeholder_text" : "# Tu zaimplementuj rozwiązanie"
                    }
                  ],
                  "is_visible" : true,
                  "text" : "# Tu zaimplementuj rozwiązanie"
                }
              },
              "description_text" : "Napisz program, który pobiera od użytkownika liczbę całkowitą dodatnią - `number (int)`, a następnie wypisuje w konsoli kolejno wszystkie dodatnie liczby niepatrzyste nie większe od podanej liczby. \n\nPrzykładowo dla liczby 15 program powinien wypisać w konsoli liczby: 1, 3, 5, 7, 9, 11, 13, 15. \n\nDane pobierz od użytkownika w konsoli za pomocą funkcji `input()`. Nie podawaj do niej żadnego argumentu.\n",
              "description_format" : "MD",
              "feedback_link" : {
                "link_type" : "STEPIK"
              },
              "task_type" : "edu"
            },
            {
              "name" : "task06",
              "files" : {
                "task.py" : {
                  "name" : "task.py",
                  "placeholders" : [
                    {
                      "offset" : 0,
                      "length" : 30,
                      "possible_answer" : "a = int(input())\nb = int(input())\n\nif b <= a:\n    print(\"Robota skończona\")\nelse:\n    sum = 0\n    for i in range(a, b + 1):\n        sum += i\n    print(sum)\n",
                      "placeholder_text" : "# Tu zaimplementuj rozwiązanie"
                    }
                  ],
                  "is_visible" : true,
                  "text" : "# Tu zaimplementuj rozwiązanie"
                },
                "tests/test_task.py" : {
                  "name" : "tests/test_task.py",
                  "placeholders" : [ ],
                  "is_visible" : false,
                  "text" : "import unittest\n\n\ndef run(lines):\n    try:\n        import traceback\n    except:\n        return \"can't import traceback\"\n    try:\n        import os\n        import pathlib\n        import subprocess\n        import sys\n        file_dir = pathlib.Path(__file__).absolute().parent\n        cmd = [sys.executable, str(file_dir.parent / 'task.py')]\n        proc = subprocess.Popen(cmd,\n                                stdout=subprocess.PIPE,\n                                stderr=subprocess.PIPE,\n                                stdin=subprocess.PIPE,\n                                encoding='utf-8',   # also for universal newlines\n                                )\n        # we need to use '\\n' even on Windows\n        stdout, stderr = proc.communicate('\\n'.join(lines) + '\\n')\n        # if everything is fine, stderr is empty\n        return stdout + stderr\n    except:\n        return f\"cwd: {os.getcwd()}\\n{traceback.format_exc()}\"\n\n\nclass TestCase(unittest.TestCase):\n    def test_1(self):\n        out = run(['4', '11'])\n        self.assertEqual(60, round(float(out), 2),\n                         msg=\"Dla liczb a = 4 oraz b = 11 program powinien wypisać w konsoli liczbę 60.\")\n\n    def test_2(self):\n        out = run(['9', '64'])\n        self.assertEqual(2044, round(float(out), 2),\n                         msg=\"Dla liczb a = 9 oraz b = 64 program powinien wypisać w konsoli liczbę 2044.\")\n\n    def test_3(self):\n        out = run(['2', '1'])\n        self.assertEqual(\"Robota skończona\\n\", out,\n                         msg=\"Dla liczb a = 2 oraz b = 1 program powinien wypisać w konsoli wiadomość 'Robota skończona'.\")\n\n    def test_4(self):\n        out = run(['2', '2'])\n        self.assertEqual(\"Robota skończona\\n\", out,\n                         msg=\"Dla liczb a = 2 oraz b = 2 program powinien wypisać w konsoli wiadomość 'Robota skończona'.\")\n\n"
                }
              },
              "description_text" : "Napisz program, który pobiera od użytkownika dwie liczby całkowite A - `a (int)` oraz B - `b (int)`, gdzie `A < B`, a następnie oblicza sumę ciągu liczb od A do B (A, A + 1, A + 2,  . . . , B) i wypisuje ją w konsoli. Gdy warunek `A < B` nie został spełniony, program kończy pracę wypisuąc w konsoli `\"Robota skończona\"`.  \n\nPrzykładowo dla A = 4 i B = 11 program powinien wypisać w konsoli liczbę 60.\n\nDane pobierz od użytkownika w konsoli za pomocą funkcji `input()`. Nie podawaj do niej żadnego argumentu.\n",
              "description_format" : "MD",
              "feedback_link" : {
                "link_type" : "STEPIK"
              },
              "task_type" : "edu"
            },
            {
              "name" : "task07",
              "files" : {
                "task.py" : {
                  "name" : "task.py",
                  "placeholders" : [
                    {
                      "offset" : 0,
                      "length" : 30,
                      "possible_answer" : "n = int(input())\n\ncurrent_power_of_two = 1\n\nwhile True:\n    print(current_power_of_two)\n    current_power_of_two *= 2\n\n    if current_power_of_two >= n:\n        break\n",
                      "placeholder_text" : "# Tu zaimplementuj rozwiązanie"
                    }
                  ],
                  "is_visible" : true,
                  "text" : "# Tu zaimplementuj rozwiązanie"
                },
                "tests/test_task.py" : {
                  "name" : "tests/test_task.py",
                  "placeholders" : [ ],
                  "is_visible" : false,
                  "text" : "import unittest\n\n\ndef run(lines):\n    try:\n        import traceback\n    except:\n        return \"can't import traceback\"\n    try:\n        import os\n        import pathlib\n        import subprocess\n        import sys\n        file_dir = pathlib.Path(__file__).absolute().parent\n        cmd = [sys.executable, str(file_dir.parent / 'task.py')]\n        proc = subprocess.Popen(cmd,\n                                stdout=subprocess.PIPE,\n                                stderr=subprocess.PIPE,\n                                stdin=subprocess.PIPE,\n                                encoding='utf-8',   # also for universal newlines\n                                )\n        # we need to use '\\n' even on Windows\n        stdout, stderr = proc.communicate('\\n'.join(lines) + '\\n')\n        # if everything is fine, stderr is empty\n        return stdout + stderr\n    except:\n        return f\"cwd: {os.getcwd()}\\n{traceback.format_exc()}\"\n\n\nclass TestCase(unittest.TestCase):\n    def test_1(self):\n        out = run(['71'])\n        self.assertEqual(\"1\\n2\\n4\\n8\\n16\\n32\\n64\\n\", out,\n                         msg=\"Dla liczby n = 71 program powinien wypisać w konsoli liczby: 1, 2, 4, 8, 16, 32, 64.\")\n\n    def test_2(self):\n        out = run(['1'])\n        self.assertEqual(\"1\\n\", out,\n                         msg=\"Dla liczby n = 1 program powinien wypisać w konsoli liczbę 1.\")\n\n    def test_3(self):\n        out = run(['423'])\n        self.assertEqual(\"1\\n2\\n4\\n8\\n16\\n32\\n64\\n128\\n256\\n\", out,\n                         msg=\"Dla liczby n = 423 program powinien wypisać w konsoli liczby: 1, 2, 4, 8, 16, 32, 64, 128, 256.\")\n\n"
                }
              },
              "description_text" : "Napisz program, który pobiera od użytkownika liczbę całkowita dodatnią N - `n (int)`, a następnie wyświetla w konsoli wszystkie potęgi liczby 2 nie większe, niż podana liczba. \n\nPrzykładowo dla liczby 71 program powinien wypisać w konsoli liczby: 1 2 4 8 16 32 64.\n\nDane pobierz od użytkownika w konsoli za pomocą funkcji `input()`. Nie podawaj do niej żadnego argumentu.\n",
              "description_format" : "MD",
              "feedback_link" : {
                "link_type" : "STEPIK"
              },
              "task_type" : "edu"
            },
            {
              "name" : "task08",
              "files" : {
                "task.py" : {
                  "name" : "task.py",
                  "placeholders" : [
                    {
                      "offset" : 0,
                      "length" : 30,
                      "possible_answer" : "sum = 0\n\nwhile True:\n    number = int(input())\n    sum += number\n\n    if number == 0:\n        break\n\nprint(sum)\n",
                      "placeholder_text" : "# Tu zaimplementuj rozwiązanie"
                    }
                  ],
                  "is_visible" : true,
                  "text" : "# Tu zaimplementuj rozwiązanie"
                },
                "tests/test_task.py" : {
                  "name" : "tests/test_task.py",
                  "placeholders" : [ ],
                  "is_visible" : false,
                  "text" : "import unittest\n\n\ndef run(lines):\n    try:\n        import traceback\n    except:\n        return \"can't import traceback\"\n    try:\n        import os\n        import pathlib\n        import subprocess\n        import sys\n        file_dir = pathlib.Path(__file__).absolute().parent\n        cmd = [sys.executable, str(file_dir.parent / 'task.py')]\n        proc = subprocess.Popen(cmd,\n                                stdout=subprocess.PIPE,\n                                stderr=subprocess.PIPE,\n                                stdin=subprocess.PIPE,\n                                encoding='utf-8',   # also for universal newlines\n                                )\n        # we need to use '\\n' even on Windows\n        stdout, stderr = proc.communicate('\\n'.join(lines) + '\\n')\n        # if everything is fine, stderr is empty\n        return stdout + stderr\n    except:\n        return f\"cwd: {os.getcwd()}\\n{traceback.format_exc()}\"\n\n\nclass TestCase(unittest.TestCase):\n    def test_1(self):\n        out = run(['3', '2', '5', '1', '0'])\n        self.assertEqual(11, int(out),\n                         msg=\"Dla ciągu liczb: 3, 2, 5, 1, 0, program powinien wypisać w konsoli liczbę: 11.\")\n\n    def test_2(self):\n        out = run(['33', '21', '54', '-74', '0'])\n        self.assertEqual(34, int(out),\n                         msg=\"Dla ciągu liczb: 33, 21, 54, -74, 0, program powinien wypisać w konsoli liczbę: 34.\")\n\n    def test_3(self):\n        out = run(['-33', '-1', '54', '-94', '0'])\n        self.assertEqual(-74, int(out),\n                         msg=\"Dla ciągu liczb: -33, -1, 54, -94, 0, program powinien wypisać w konsoli liczbę: -74.\")\n\n"
                }
              },
              "description_text" : "Napisz program, który pobiera od użytkownika liczby tak długo, jak nie zostanie podana liczba 0. Gdy zostanie podana liczba 0, program oblicza sumę podanych liczb i wypisuje ją w konsoli.\n\nPrzykładowo dla ciągu podawanych liczb: 3, 2, 5, 1, 0, program powinien wypisać w konsoli liczbę 11.\n \nDane pobierz od użytkownika w konsoli za pomocą funkcji `input()`. Nie podawaj do niej żadnego argumentu. \n",
              "description_format" : "MD",
              "feedback_link" : {
                "link_type" : "STEPIK"
              },
              "task_type" : "edu"
            },
            {
              "name" : "task09",
              "files" : {
                "task.py" : {
                  "name" : "task.py",
                  "placeholders" : [
                    {
                      "offset" : 0,
                      "length" : 30,
                      "possible_answer" : "import sys\n\nmin = sys.maxsize * 2 + 1\nmax = -sys.maxsize - 1\n\nwhile True:\n    number = int(input())\n\n    if number > max:\n        max = number\n\n    if number < min:\n        min = number\n\n    if number == 0:\n        break\n\nprint(max + min)\nprint((max + min) / 2)\n",
                      "placeholder_text" : "# Tu zaimplementuj rozwiązanie"
                    }
                  ],
                  "is_visible" : true,
                  "text" : "# Tu zaimplementuj rozwiązanie"
                },
                "tests/test_task.py" : {
                  "name" : "tests/test_task.py",
                  "placeholders" : [ ],
                  "is_visible" : false,
                  "text" : "import unittest\n\n\ndef run(lines):\n    try:\n        import traceback\n    except:\n        return \"can't import traceback\"\n    try:\n        import os\n        import pathlib\n        import subprocess\n        import sys\n        file_dir = pathlib.Path(__file__).absolute().parent\n        cmd = [sys.executable, str(file_dir.parent / 'task.py')]\n        proc = subprocess.Popen(cmd,\n                                stdout=subprocess.PIPE,\n                                stderr=subprocess.PIPE,\n                                stdin=subprocess.PIPE,\n                                encoding='utf-8',   # also for universal newlines\n                                )\n        # we need to use '\\n' even on Windows\n        stdout, stderr = proc.communicate('\\n'.join(lines) + '\\n')\n        # if everything is fine, stderr is empty\n        return stdout + stderr\n    except:\n        return f\"cwd: {os.getcwd()}\\n{traceback.format_exc()}\"\n\n\nclass TestCase(unittest.TestCase):\n    def test_1(self):\n        out = run(['1', '-4', '2', '17', '0'])\n        self.assertEqual(\"13\\n6.5\\n\", out,\n                         msg=\"Dla ciągu liczb: 1, -4, 2, 17, 0, program powinien wypisać w konsoli liczby: 13, 6.5.\")\n\n    def test_2(self):\n        out = run(['11', '-44', '52', '327', '0'])\n        self.assertEqual(\"283\\n141.5\\n\", out,\n                         msg=\"Dla ciągu liczb: 11, -44, 52, 327, 0, program powinien wypisać w konsoli liczby: 283, 141.5.\")\n\n    def test_3(self):\n        out = run(['12', '24', '-24', '0'])\n        self.assertEqual(\"0\\n0.0\\n\", out,\n                         msg=\"Dla ciągu liczb: 12, 24, -24, 0, program powinien wypisać w konsoli liczby: 0, 0.0\")\n\n"
                }
              },
              "description_text" : "Napisz program, który pobiera od użytkownika ciąg liczb całkowitych. Pobieranie danych kończone jest podaniem liczby 0 (nie wliczana do danych). Następnie, program oblicza sumę największej oraz najmniejszej z podanych liczb oraz ich średnią arytmetyczną i wypisuje je w konsoli.\n\nPrzykładowo dla ciągu podawanych liczb: 1, -4, 2, 17, 0, program powinien wypisać w konsoli liczby: 13, 6.5.\n \nDane pobierz od użytkownika w konsoli za pomocą funkcji `input()`. Nie podawaj do niej żadnego argumentu. \n",
              "description_format" : "MD",
              "feedback_link" : {
                "link_type" : "STEPIK"
              },
              "task_type" : "edu"
            },
            {
              "name" : "task10",
              "files" : {
                "task.py" : {
                  "name" : "task.py",
                  "placeholders" : [
                    {
                      "offset" : 0,
                      "length" : 30,
                      "possible_answer" : "number = int(input())\n\nfor i in range(1, number + 1):\n    if number % i == 0:\n        print(i)\n",
                      "placeholder_text" : "# Tu zaimplementuj rozwiązanie"
                    }
                  ],
                  "is_visible" : true,
                  "text" : "# Tu zaimplementuj rozwiązanie"
                },
                "tests/test_task.py" : {
                  "name" : "tests/test_task.py",
                  "placeholders" : [ ],
                  "is_visible" : false,
                  "text" : "import unittest\n\n\ndef run(lines):\n    try:\n        import traceback\n    except:\n        return \"can't import traceback\"\n    try:\n        import os\n        import pathlib\n        import subprocess\n        import sys\n        file_dir = pathlib.Path(__file__).absolute().parent\n        cmd = [sys.executable, str(file_dir.parent / 'task.py')]\n        proc = subprocess.Popen(cmd,\n                                stdout=subprocess.PIPE,\n                                stderr=subprocess.PIPE,\n                                stdin=subprocess.PIPE,\n                                encoding='utf-8',   # also for universal newlines\n                                )\n        # we need to use '\\n' even on Windows\n        stdout, stderr = proc.communicate('\\n'.join(lines) + '\\n')\n        # if everything is fine, stderr is empty\n        return stdout + stderr\n    except:\n        return f\"cwd: {os.getcwd()}\\n{traceback.format_exc()}\"\n\n\nclass TestCase(unittest.TestCase):\n    def test_1(self):\n        out = run(['21'])\n        self.assertEqual(\"1\\n3\\n7\\n21\\n\", out,\n                         msg=\"Dla liczby 21, program powinien wypisać w konsoli liczby: 1, 3, 7, 21.\")\n\n    def test_2(self):\n        out = run(['49'])\n\n        self.assertEqual(\"1\\n7\\n49\\n\", out,\n                         msg=\"Dla liczby 49, program powinien wypisać w konsoli liczby: 1, 7, 49.\")\n\n    def test_3(self):\n        out = run(['1024'])\n\n        self.assertEqual(\"1\\n2\\n4\\n8\\n16\\n32\\n64\\n128\\n256\\n512\\n1024\\n\", out,\n                         msg=\"Dla liczby 1024, program powinien wypisać w konsoli liczby: 1, 2, 4, 8, 16, 32, 64, 128, 256, 512, 1024.\")\n\n"
                }
              },
              "description_text" : "Napisz program, który pobiera od użytkownika liczbę całkowitą i wypisuje w konsoli wszystkie jej dzielniki. \n\nPrzykładowo dla liczby 21, program powinien wypisać w konsoli liczby: 1, 3, 7, 21\n \nDane pobierz od użytkownika w konsoli za pomocą funkcji `input()`. Nie podawaj do niej żadnego argumentu. \n",
              "description_format" : "MD",
              "feedback_link" : {
                "link_type" : "STEPIK"
              },
              "task_type" : "edu"
            },
            {
              "name" : "task11",
              "files" : {
                "task.py" : {
                  "name" : "task.py",
                  "placeholders" : [
                    {
                      "offset" : 0,
                      "length" : 30,
                      "possible_answer" : "number = int(input())\n\nif number <= 1:\n    print(\"Przerywam pracę\")\n    exit()\n\nis_prime_number = True\n\nfor i in range(2, number):\n    if number % i == 0:\n        is_prime_number = False\n        break\n\nif is_prime_number:\n    print(\"Tak\")\nelse:\n    print(\"Nie\")\n",
                      "placeholder_text" : "# Tu zaimplementuj rozwiązanie"
                    }
                  ],
                  "is_visible" : true,
                  "text" : "# Tu zaimplementuj rozwiązanie"
                },
                "tests/test_task.py" : {
                  "name" : "tests/test_task.py",
                  "placeholders" : [ ],
                  "is_visible" : false,
                  "text" : "import unittest\n\n\ndef run(lines):\n    try:\n        import traceback\n    except:\n        return \"can't import traceback\"\n    try:\n        import os\n        import pathlib\n        import subprocess\n        import sys\n        file_dir = pathlib.Path(__file__).absolute().parent\n        cmd = [sys.executable, str(file_dir.parent / 'task.py')]\n        proc = subprocess.Popen(cmd,\n                                stdout=subprocess.PIPE,\n                                stderr=subprocess.PIPE,\n                                stdin=subprocess.PIPE,\n                                encoding='utf-8',   # also for universal newlines\n                                )\n        # we need to use '\\n' even on Windows\n        stdout, stderr = proc.communicate('\\n'.join(lines) + '\\n')\n        # if everything is fine, stderr is empty\n        return stdout + stderr\n    except:\n        return f\"cwd: {os.getcwd()}\\n{traceback.format_exc()}\"\n\n\nclass TestCase(unittest.TestCase):\n    def test_1(self):\n        out = run(['23'])\n        self.assertEqual(\"Tak\\n\", out,\n                         msg=\"Dla liczby 23, program powinien wypisać w konsoli wiadomość: 'Tak'.\")\n\n    def test_2(self):\n        out = run(['2'])\n        self.assertEqual(\"Tak\\n\", out,\n                         msg=\"Dla liczby 2, program powinien wypisać w konsoli wiadomość: 'Tak'.\")\n\n    def test_3(self):\n        out = run(['4'])\n        self.assertEqual(\"Nie\\n\", out,\n                         msg=\"Dla liczby 4, program powinien wypisać w konsoli wiadomość: 'Nie'.\")\n\n    def test_4(self):\n        out = run(['2000'])\n        self.assertEqual(\"Nie\\n\", out,\n                         msg=\"Dla liczby 2000, program powinien wypisać w konsoli wiadomość: 'Nie'.\")\n\n    def test_5(self):\n        out = run(['1'])\n        self.assertEqual(\"Przerywam pracę\\n\", out,\n                         msg=\"Dla liczby 1, program powinien wypisać w konsoli wiadomość: 'Przerywam pracę'.\")\n\n"
                }
              },
              "description_text" : "Napisz program, który pobiera od użytkownika liczbę całkowitą większą od 1 i sprawdza, czy liczba jest liczbą pierwszą. W przypadku, kiedy liczba ta jest liczbą pierwszą program wypisze w konsoli wiadomość `\"Tak\"`, w przeciwnym przypadku wypisze w konsoli wiadomość `\"Nie\"`. \n\nW przypadku, gdy użytkownik poda liczbę mniejszą lub równą 1, program wypisze w konsoli wiadomość: `\"Przerywam pracę\"`.\n \nDane pobierz od użytkownika w konsoli za pomocą funkcji `input()`. Nie podawaj do niej żadnego argumentu. \n",
              "description_format" : "MD",
              "feedback_link" : {
                "link_type" : "STEPIK"
              },
              "task_type" : "edu"
            },
            {
              "name" : "task12",
              "files" : {
                "task.py" : {
                  "name" : "task.py",
                  "placeholders" : [
                    {
                      "offset" : 22,
                      "length" : 30,
                      "possible_answer" : "    occurrences = [0] * 10\n\n    for i in range(len(numbers)):\n        occurrences[numbers[i] - 1] += 1\n\n    for i in range(len(occurrences)):\n        print(\"{} - {}\".format(i + 1, occurrences[i]))",
                      "placeholder_text" : "# Tu zaimplementuj rozwiązanie"
                    }
                  ],
                  "is_visible" : true,
                  "text" : "def program(numbers):\n# Tu zaimplementuj rozwiązanie\n\n# Nie modyfikuj poniżej tej linii\ndata = list()\namount = int(input())\nfor i in range(amount):\n    data.append(int(input()))\n\nprogram(data)\n"
                },
                "tests/test_task.py" : {
                  "name" : "tests/test_task.py",
                  "placeholders" : [ ],
                  "is_visible" : false,
                  "text" : "import unittest\n\n\ndef run(lines):\n    try:\n        import traceback\n    except:\n        return \"can't import traceback\"\n    try:\n        import os\n        import pathlib\n        import subprocess\n        import sys\n        file_dir = pathlib.Path(__file__).absolute().parent\n        cmd = [sys.executable, str(file_dir.parent / 'task.py')]\n        proc = subprocess.Popen(cmd,\n                                stdout=subprocess.PIPE,\n                                stderr=subprocess.PIPE,\n                                stdin=subprocess.PIPE,\n                                encoding='utf-8',   # also for universal newlines\n                                )\n        # we need to use '\\n' even on Windows\n        stdout, stderr = proc.communicate('\\n'.join(lines) + '\\n')\n        # if everything is fine, stderr is empty\n        return stdout + stderr\n    except:\n        return f\"cwd: {os.getcwd()}\\n{traceback.format_exc()}\"\n\n\nclass TestCase(unittest.TestCase):\n    def test_1(self):\n        arr = [\"6\", \"5\", \"4\", \"5\", \"10\", \"5\", \"8\", \"3\", \"10\", \"6\", \"6\", \"6\", \"4\", \"3\", \"2\", \"8\", \"1\", \"3\", \"4\", \"7\"]\n        out = run([str(len(arr))] + arr)\n        expected = \"1 - 1\\n2 - 1\\n3 - 3\\n4 - 3\\n5 - 3\\n6 - 4\\n7 - 1\\n8 - 2\\n9 - 0\\n10 - 2\\n\"\n        self.assertEqual(expected, out,\n                         msg=\"Dla tablicy {}, program powinien wypisać w konsoli: \\n{}\".format(arr, expected))\n\n    def test_2(self):\n        arr = [\"6\"]\n        out = run([str(len(arr))] + arr)\n        expected = \"1 - 0\\n2 - 0\\n3 - 0\\n4 - 0\\n5 - 0\\n6 - 1\\n7 - 0\\n8 - 0\\n9 - 0\\n10 - 0\\n\"\n        self.assertEqual(expected, out,\n                         msg=\"Dla tablicy {}, program powinien wypisać w konsoli: \\n{}\".format(arr, expected))\n\n    def test_3(self):\n        arr = [\"6\", \"9\", \"2\", \"3\", \"2\", \"9\", \"10\"]\n        out = run([str(len(arr))] + arr)\n        expected = \"1 - 0\\n2 - 2\\n3 - 1\\n4 - 0\\n5 - 0\\n6 - 1\\n7 - 0\\n8 - 0\\n9 - 2\\n10 - 1\\n\"\n        self.assertEqual(expected, out,\n                         msg=\"Dla tablicy {}, program powinien wypisać w konsoli: \\n{}\".format(arr, expected))\n\n"
                }
              },
              "description_text" : "Napisz program, który zlicza ile razy wystąpiła każda z liczb w przygotowanej tablicy i wypisuje podsumowanie w konsoli. Tablica może zawierać **tylko** liczby od 1 do 10.\n\nPrzykładowo dla tablicy `[6 5 4 5 10 5 8 3 10 6 6 6 4 3 2 8 1 3 4 7]`, program powinien wypisać w konsoli ilość wystąpień każdej liczby: \n\n* 1 - 1\n* 2 - 1\n* 3 - 3\n* 4 - 3\n* 5 - 3\n* 6 - 4\n* 7 - 1\n* 8 - 2\n* 9 - 0\n* 10 - 2\n\nTablica zawierająca liczby przygotowana jest jako zmienna `numbers`.",
              "description_format" : "MD",
              "feedback_link" : {
                "link_type" : "STEPIK"
              },
              "task_type" : "edu"
            },
            {
              "name" : "task13",
              "files" : {
                "task.py" : {
                  "name" : "task.py",
                  "placeholders" : [
                    {
                      "offset" : 0,
                      "length" : 30,
                      "possible_answer" : "text = input()\n\nif \"Python\" in text:\n    print(\"Znalazłem Python\")\n\nif text.startswith(\"Python\"):\n    print(\"Zaczyna się od Python\")\n\nif text.endswith(\"Python\"):\n    print(\"Kończy się na Python\")\n\nif text == \"Python\":\n    print(\"Równa się Python\")\n\nprint(text.index(\"Python\"))\n",
                      "placeholder_text" : "# Tu zaimplementuj rozwiązanie"
                    }
                  ],
                  "is_visible" : true,
                  "text" : "# Tu zaimplementuj rozwiązanie"
                },
                "tests/test_task.py" : {
                  "name" : "tests/test_task.py",
                  "placeholders" : [ ],
                  "is_visible" : false,
                  "text" : "import unittest\n\n\ndef run(lines):\n    try:\n        import traceback\n    except:\n        return \"can't import traceback\"\n    try:\n        import os\n        import pathlib\n        import subprocess\n        import sys\n        file_dir = pathlib.Path(__file__).absolute().parent\n        cmd = [sys.executable, str(file_dir.parent / 'task.py')]\n        proc = subprocess.Popen(cmd,\n                                stdout=subprocess.PIPE,\n                                stderr=subprocess.PIPE,\n                                stdin=subprocess.PIPE,\n                                encoding='utf-8',   # also for universal newlines\n                                )\n        # we need to use '\\n' even on Windows\n        stdout, stderr = proc.communicate('\\n'.join(lines) + '\\n')\n        # if everything is fine, stderr is empty\n        return stdout + stderr\n    except:\n        return f\"cwd: {os.getcwd()}\\n{traceback.format_exc()}\"\n\n\nclass TestCase(unittest.TestCase):\n    def test_1(self):\n        out = run(['Python'])\n        expected = \"Znalazłem Python\\nZaczyna się od Python\\nKończy się na Python\\nRówna się Python\\n0\\n\"\n        self.assertEqual(expected, out,\n                         msg=\"Dla tekstu Python, program powinien wypisać w konsoli: \\n{}\".format(expected))\n\n    def test_2(self):\n        out = run(['Kurs python od podstaw to najlepsza droga do poznania Python'])\n        expected = \"Znalazłem Python\\nKończy się na Python\\n54\\n\"\n        self.assertEqual(expected, out,\n                         msg=\"Dla tekstu Kurs python od podstaw to najlepsza droga do poznania Python, program powinien wypisać w konsoli: \\n{}\".format(expected))\n\n    def test_3(self):\n        out = run(['Tylko Python!'])\n        expected = \"Znalazłem Python\\n6\\n\"\n        self.assertEqual(expected, out,\n                         msg=\"Dla tekstu Tylko Python!, program powinien wypisać w konsoli: \\n{}\".format(expected))\n"
                }
              },
              "description_text" : "Napisz program, który odczytuje wprowadzony przez użytkownika tekst, a nastepnie: \n\n1. sprawdza, czy w tekście występuje słowo \"Python\" - jeżeli tak, wypisuje w konsoli wiadomość \"Znalazłem Python\",\n2. sprawdza, czy tekst zaczyna się od słowa \"Python\" - jeżeli tak, wypisuje w konsoli wiadomość \"Zaczyna się od Python\",\n3. sprawdza, czy tekst kończy się słowem \"Python\" - jeżeli tak, wypisuje w konsoli wiadomość \"Kończy się na Python\",\n4. sprawdza, czy tekst równa się słowu \"Python\" - jeżeli tak, wypisuje w konsoli wiadomość \"Równa się Python\",\n5. wypisuje w konsoli indeks pierwszego wystąpienia słowa \"Python\" w tekście.\n\nPrzykładowo dla tekstu `\"Python\"`, program powinien wypisać w konsoli:\n\n* Znalazłem Python\n* Zaczyna się od Python\n* Kończy się na Python\n* Równa się Python\n* 0\n\na dla tekstu `\"Kurs python od podstaw to najlepsza droga do poznania Python\"`, program powinien wypisać w konsoli:\n\n* Znalazłem Python\n* Kończy się na Python\n* 52\n\n\nDane pobierz od użytkownika w konsoli za pomocą funkcji `input()`. Nie podawaj do niej żadnego argumentu.\n",
              "description_format" : "MD",
              "feedback_link" : {
                "link_type" : "STEPIK"
              },
              "task_type" : "edu"
            },
            {
              "name" : "task14",
              "files" : {
                "task.py" : {
                  "name" : "task.py",
                  "placeholders" : [
                    {
                      "offset" : 0,
                      "length" : 30,
                      "possible_answer" : "text = input()\n\nprint(text.replace(\",\", \"-MAKARENA\"))\n",
                      "placeholder_text" : "# Tu zaimplementuj rozwiązanie"
                    }
                  ],
                  "is_visible" : true,
                  "text" : "# Tu zaimplementuj rozwiązanie"
                },
                "tests/test_task.py" : {
                  "name" : "tests/test_task.py",
                  "placeholders" : [ ],
                  "is_visible" : false,
                  "text" : "import unittest\n\n\ndef run(lines):\n    try:\n        import traceback\n    except:\n        return \"can't import traceback\"\n    try:\n        import os\n        import pathlib\n        import subprocess\n        import sys\n        file_dir = pathlib.Path(__file__).absolute().parent\n        cmd = [sys.executable, str(file_dir.parent / 'task.py')]\n        proc = subprocess.Popen(cmd,\n                                stdout=subprocess.PIPE,\n                                stderr=subprocess.PIPE,\n                                stdin=subprocess.PIPE,\n                                encoding='utf-8',   # also for universal newlines\n                                )\n        # we need to use '\\n' even on Windows\n        stdout, stderr = proc.communicate('\\n'.join(lines) + '\\n')\n        # if everything is fine, stderr is empty\n        return stdout + stderr\n    except:\n        return f\"cwd: {os.getcwd()}\\n{traceback.format_exc()}\"\n\n\nclass TestCase(unittest.TestCase):\n    def test_1(self):\n        out = run(['Lorem ipsum dolor sit amet, consectetur adipiscing elit, sed do eiusmod tempor incididunt ut labore et dolore magna aliqua.'])\n        expected = \"Lorem ipsum dolor sit amet-MAKARENA consectetur adipiscing elit-MAKARENA sed do eiusmod tempor incididunt ut labore et dolore magna aliqua.\\n\"\n        self.assertEqual(expected, out,\n                         msg=\"Dla tekstu Lorem ipsum dolor sit amet, consectetur adipiscing elit, sed do eiusmod tempor incididunt ut labore et dolore magna aliqua., program powinien wypisać w konsoli: \\n{}\".format(expected))\n\n    def test_2(self):\n        out = run(['A simple, text, really, so, simple!'])\n        expected = \"A simple-MAKARENA text-MAKARENA really-MAKARENA so-MAKARENA simple!\\n\"\n        self.assertEqual(expected, out,\n                         msg=\"Dla tekstu A simple, text, really, so, simple!, program powinien wypisać w konsoli: \\n{}\".format(expected))\n"
                }
              },
              "description_text" : "Napisz program, który odczytuje wprowadzony przez użytkownika tekst, a nastepnie dla tego tekstu zamienia wszystkie wystąpienia przecinków na tekst `“-MAKARENA”` i wyświetla w konsoli.\n\nPrzykładowo dla tekstu `\"Lorem ipsum dolor sit amet, consectetur adipiscing elit, sed do eiusmod tempor incididunt ut labore et dolore magna aliqua.\"`, program powinien wypisać w konsoli `\"Lorem ipsum dolor sit amet-MAKARENA consectetur adipiscing elit-MAKARENA sed do eiusmod tempor incididunt ut labore et dolore magna aliqua.\"`\n\nDane pobierz od użytkownika w konsoli za pomocą funkcji `input()`. Nie podawaj do niej żadnego argumentu.\n",
              "description_format" : "MD",
              "feedback_link" : {
                "link_type" : "STEPIK"
              },
              "task_type" : "edu"
            },
            {
              "name" : "task15",
              "files" : {
                "task.py" : {
                  "name" : "task.py",
                  "placeholders" : [
                    {
                      "offset" : 0,
                      "length" : 30,
                      "possible_answer" : "import re\n\ntext = input()\n\npattern = re.compile(r\"[^a-zA-Z ]\")\nwords = pattern.sub(\"\", text).lower().split()\nword_occurrences = dict()\n\nfor word in words:\n    count = word_occurrences.get(word)\n\n    if count is not None:\n        count += 1\n    else:\n        count = 1\n\n    word_occurrences.update({word: count})\n\nfor key in sorted(word_occurrences):\n    print(\"{} - {}\".format(key, word_occurrences.get(key)))\n",
                      "placeholder_text" : "# Tu zaimplementuj rozwiązanie"
                    }
                  ],
                  "is_visible" : true,
                  "text" : "# Tu zaimplementuj rozwiązanie"
                },
                "tests/test_task.py" : {
                  "name" : "tests/test_task.py",
                  "placeholders" : [ ],
                  "is_visible" : false,
                  "text" : "import unittest\n\n\ndef run(lines):\n    try:\n        import traceback\n    except:\n        return \"can't import traceback\"\n    try:\n        import os\n        import pathlib\n        import subprocess\n        import sys\n        file_dir = pathlib.Path(__file__).absolute().parent\n        cmd = [sys.executable, str(file_dir.parent / 'task.py')]\n        proc = subprocess.Popen(cmd,\n                                stdout=subprocess.PIPE,\n                                stderr=subprocess.PIPE,\n                                stdin=subprocess.PIPE,\n                                encoding='utf-8',   # also for universal newlines\n                                )\n        # we need to use '\\n' even on Windows\n        stdout, stderr = proc.communicate('\\n'.join(lines) + '\\n')\n        # if everything is fine, stderr is empty\n        return stdout + stderr\n    except:\n        return f\"cwd: {os.getcwd()}\\n{traceback.format_exc()}\"\n\n\nclass TestCase(unittest.TestCase):\n    def test_1(self):\n        out = run(['Ala lubi koty, ale nie jest przez Koty lubiana.'])\n        expected = \"ala - 1\\nale - 1\\njest - 1\\nkoty - 2\\nlubi - 1\\nlubiana - 1\\nnie - 1\\nprzez - 1\\n\"\n        self.assertEqual(expected, out,\n                         msg=\"Dla tekstu Ala lubi koty, ale nie jest przez Koty lubiana., program powinien wypisać w konsoli: \\n{}\".format(expected))\n\n    def test_2(self):\n        out = run(['Ala! lubi? koty, ale. nie jest przez Koty lubiana.'])\n        expected = \"ala - 1\\nale - 1\\njest - 1\\nkoty - 2\\nlubi - 1\\nlubiana - 1\\nnie - 1\\nprzez - 1\\n\"\n        self.assertEqual(expected, out,\n                         msg=\"Dla tekstu Ala! lubi? koty, ale. nie jest przez Koty lubiana., program powinien wypisać w konsoli: \\n{}\".format(expected))\n\n    def test_3(self):\n        out = run(['World. Hello, World!'])\n        expected = \"hello - 1\\nworld - 2\\n\"\n        self.assertEqual(expected, out,\n                         msg=\"Dla tekstu World. Hello, World!, program powinien wypisać w konsoli: \\n{}\".format(expected))\n"
                }
              },
              "description_text" : "Napisz program, który odczytuje wprowadzony przez użytkownika tekst, a nastepnie dzieli go na poszczególne słowa. Następnie zlicza ilość wystąpień słów niezależnie od wielkości liter i wypisuje je w konsoli w kolejności alfabetycznej.\n\nPrzykładowo dla tekstu `\"Ala lubi koty, ale nie jest przez Koty lubiana.\"`, program powinien wypisać w konsoli:\n\n* ala - 1\n* ale - 1\n* jest - 1\n* koty - 2\n* lubi - 1\n* lubiana - 1\n* nie - 1\n* przez - 1\n\nZałóż, że w tekscie moga pojawić się dowolne znaki interpunkcyjne.\n\nDane pobierz od użytkownika w konsoli za pomocą funkcji `input()`. Nie podawaj do niej żadnego argumentu.\n",
              "description_format" : "MD",
              "feedback_link" : {
                "link_type" : "STEPIK"
              },
              "task_type" : "edu"
            },
            {
              "name" : "task16",
              "files" : {
                "task.py" : {
                  "name" : "task.py",
                  "placeholders" : [
                    {
                      "offset" : 0,
                      "length" : 30,
                      "possible_answer" : "text = input()\n\nprint(text[::-1])\n",
                      "placeholder_text" : "# Tu zaimplementuj rozwiązanie"
                    }
                  ],
                  "is_visible" : true,
                  "text" : "# Tu zaimplementuj rozwiązanie"
                },
                "tests/test_task.py" : {
                  "name" : "tests/test_task.py",
                  "placeholders" : [ ],
                  "is_visible" : false,
                  "text" : "import unittest\n\n\ndef run(lines):\n    try:\n        import traceback\n    except:\n        return \"can't import traceback\"\n    try:\n        import os\n        import pathlib\n        import subprocess\n        import sys\n        file_dir = pathlib.Path(__file__).absolute().parent\n        cmd = [sys.executable, str(file_dir.parent / 'task.py')]\n        proc = subprocess.Popen(cmd,\n                                stdout=subprocess.PIPE,\n                                stderr=subprocess.PIPE,\n                                stdin=subprocess.PIPE,\n                                encoding='utf-8',   # also for universal newlines\n                                )\n        # we need to use '\\n' even on Windows\n        stdout, stderr = proc.communicate('\\n'.join(lines) + '\\n')\n        # if everything is fine, stderr is empty\n        return stdout + stderr\n    except:\n        return f\"cwd: {os.getcwd()}\\n{traceback.format_exc()}\"\n\n\nclass TestCase(unittest.TestCase):\n    def test_1(self):\n        out = run(['Kot'])\n        expected = \"toK\\n\"\n        self.assertEqual(expected, out,\n                         msg=\"Dla tekstu Kot, program powinien wypisać w konsoli: \\n{}\".format(expected))\n\n    def test_2(self):\n        out = run(['Lorem ipsum dolor sit amet, consectetur adipiscing elit, sed do eiusmod tempor incididunt ut labore et dolore magna aliqua.'])\n        expected = \".auqila angam erolod te erobal tu tnudidicni ropmet domsuie od des ,tile gnicsipida rutetcesnoc ,tema tis rolod muspi meroL\\n\"\n        self.assertEqual(expected, out,\n                         msg=\"Dla tekstu Lorem ipsum dolor sit amet, consectetur adipiscing elit, sed do eiusmod tempor incididunt ut labore et dolore magna aliqua., program powinien wypisać w konsoli: \\n{}\".format(expected))\n"
                }
              },
              "description_text" : "Napisz program, który przyjmuje od użytkownika tekst, a następnie tworzy łańcuch będący odwróceniem podanego tekstu i wyświetla go w konsoli.\n\nPrzykładowo dla tekstu `\"Kot\"`, program powinien wypisać w konsoli tekst `\"toK\"`.\n\nDane pobierz od użytkownika w konsoli za pomocą funkcji `input()`. Nie podawaj do niej żadnego argumentu.\n",
              "description_format" : "MD",
              "feedback_link" : {
                "link_type" : "STEPIK"
              },
              "task_type" : "edu"
            },
            {
              "name" : "task17",
              "files" : {
                "task.py" : {
                  "name" : "task.py",
                  "placeholders" : [
                    {
                      "offset" : 0,
                      "length" : 30,
                      "possible_answer" : "text = input()\nparentheses_open = 0\n\nfor c in text:\n    if c == \"(\":\n        parentheses_open += 1\n    if c == \")\":\n        parentheses_open -= 1\n\n    if parentheses_open < 0:\n        break\n\nif parentheses_open != 0:\n    print(\"Błędne sparowanie nawiasów\")\nelse:\n    print(\"OK\")\n",
                      "placeholder_text" : "# Tu zaimplementuj rozwiązanie"
                    }
                  ],
                  "is_visible" : true,
                  "text" : "# Tu zaimplementuj rozwiązanie"
                },
                "tests/test_task.py" : {
                  "name" : "tests/test_task.py",
                  "placeholders" : [ ],
                  "is_visible" : false,
                  "text" : "import unittest\n\n\ndef run(lines):\n    try:\n        import traceback\n    except:\n        return \"can't import traceback\"\n    try:\n        import os\n        import pathlib\n        import subprocess\n        import sys\n        file_dir = pathlib.Path(__file__).absolute().parent\n        cmd = [sys.executable, str(file_dir.parent / 'task.py')]\n        proc = subprocess.Popen(cmd,\n                                stdout=subprocess.PIPE,\n                                stderr=subprocess.PIPE,\n                                stdin=subprocess.PIPE,\n                                encoding='utf-8',   # also for universal newlines\n                                )\n        # we need to use '\\n' even on Windows\n        stdout, stderr = proc.communicate('\\n'.join(lines) + '\\n')\n        # if everything is fine, stderr is empty\n        return stdout + stderr\n    except:\n        return f\"cwd: {os.getcwd()}\\n{traceback.format_exc()}\"\n\n\nclass TestCase(unittest.TestCase):\n    def test_1(self):\n        out = run(['2 * (3.4 - (-7)/2)*(a-2)/(b-1)))'])\n        expected = \"Błędne sparowanie nawiasów\\n\"\n        self.assertEqual(expected, out,\n                         msg=\"Dla tekstu 2 * (3.4 - (-7)/2)*(a-2)/(b-1))), program powinien wypisać w konsoli: \\n{}\".format(expected))\n\n    def test_2(self):\n        out = run(['(2 * (3.4 - (-7)/2)*(a-2)/(b-1))'])\n        expected = \"OK\\n\"\n        self.assertEqual(expected, out,\n                         msg=\"Dla tekstu (2 * (3.4 - (-7)/2)*(a-2)/(b-1)), program powinien wypisać w konsoli: \\n{}\".format(expected))\n\n    def test_3(self):\n        out = run([') 2 * 4 ('])\n        expected = \"Błędne sparowanie nawiasów\\n\"\n        self.assertEqual(expected, out,\n                         msg=\"Dla tekstu ) 2 * 4 (, program powinien wypisać w konsoli: \\n{}\".format(expected))\n\n    def test_4(self):\n        out = run(['((2 * 4)'])\n        expected = \"Błędne sparowanie nawiasów\\n\"\n        self.assertEqual(expected, out,\n                         msg=\"Dla tekstu ((2 * 4), program powinien wypisać w konsoli: \\n{}\".format(expected))\n\n"
                }
              },
              "description_text" : "Napisz program, który sprawdza czy w podanym przez użytkownika wyrażeniu arytmetycznym nawiasy są poprawnie sparowane. Wyrażenie podawane jest jako pojedynczy łańcuch znaków.\n\nW przypadku, gdy nawiasy są poprawnie sparowane, program powinien wypisać w konsoli wiadomość: `\"OK\"`. W przeciwnym przypadku program powinien wypisać w konsoli wiadomość: `\"Błędne sparowanie nawiasów\"`.\n\n* Przykład a: `\"2 * (3.4 - (-7)/2)*(a-2)/(b-1)))\"`, wynik: `\"Błędne sparowanie nawiasów\"`\n        \n* Przykład b: `\"(2 * (3.4 - (-7)/2)*(a-2)/(b-1))\"` wynik: `\"OK\"`\n\n* Przykład c: `\") 2 * 4 (\"` wynik: `\"Błędne sparowanie nawiasów\"`\n\nDane pobierz od użytkownika w konsoli za pomocą funkcji `input()`. Nie podawaj do niej żadnego argumentu.\n",
              "description_format" : "MD",
              "feedback_link" : {
                "link_type" : "STEPIK"
              },
              "task_type" : "edu"
            },
            {
              "name" : "task18",
              "files" : {
                "task.py" : {
                  "name" : "task.py",
                  "placeholders" : [
                    {
                      "offset" : 0,
                      "length" : 30,
                      "possible_answer" : "text = input()\nn = int(input())\nresult = \"\"\n\nfor i in range(len(text)):\n    char = text[i]\n\n    if char != \" \":\n        result += chr((ord(char) + n - 97) % 26 + 97)\n    else:\n        result += char\n\nprint(result)\n",
                      "placeholder_text" : "# Tu zaimplementuj rozwiązanie"
                    }
                  ],
                  "is_visible" : true,
                  "text" : "# Tu zaimplementuj rozwiązanie"
                },
                "tests/test_task.py" : {
                  "name" : "tests/test_task.py",
                  "placeholders" : [ ],
                  "is_visible" : false,
                  "text" : "import unittest\n\n\ndef run(lines):\n    try:\n        import traceback\n    except:\n        return \"can't import traceback\"\n    try:\n        import os\n        import pathlib\n        import subprocess\n        import sys\n        file_dir = pathlib.Path(__file__).absolute().parent\n        cmd = [sys.executable, str(file_dir.parent / 'task.py')]\n        proc = subprocess.Popen(cmd,\n                                stdout=subprocess.PIPE,\n                                stderr=subprocess.PIPE,\n                                stdin=subprocess.PIPE,\n                                encoding='utf-8',   # also for universal newlines\n                                )\n        # we need to use '\\n' even on Windows\n        stdout, stderr = proc.communicate('\\n'.join(lines) + '\\n')\n        # if everything is fine, stderr is empty\n        return stdout + stderr\n    except:\n        return f\"cwd: {os.getcwd()}\\n{traceback.format_exc()}\"\n\n\nclass TestCase(unittest.TestCase):\n    def test_1(self):\n        out = run(['ala ma kota', '1'])\n        expected = \"bmb nb lpub\\n\"\n        self.assertEqual(expected, out,\n                         msg=\"Dla tekstu Ala ma kota oraz n = 1, program powinien wypisać w konsoli: \\n{}\".format(expected))\n\n    def test_2(self):\n        out = run(['ala ma kota', '26'])\n        expected = \"ala ma kota\\n\"\n        self.assertEqual(expected, out,\n                         msg=\"Dla tekstu Ala ma kota oraz n = 26, program powinien wypisać w konsoli: \\n{}\".format(expected))\n\n    def test_3(self):\n        out = run(['to jest zdanie', '13'])\n        expected = \"gb wrfg mqnavr\\n\"\n        self.assertEqual(expected, out,\n                         msg=\"Dla tekstu To jest zdanie oraz n = 13, program powinien wypisać w konsoli: \\n{}\".format(expected))\n"
                }
              },
              "description_text" : "Napisz program, który umożliwia szyfrowanie podanego ciągu znaków przy użyciu szyfru Cezara, który jest szczególnym przypadkiem szyfru podstawieniowego monoalfabetycznego. Program pobiera od użytkownika tekst do zaszyfrowania oraz liczbę `n`, o którą przesunięty jest alfabet za pomocą którego szyfrowany jest tekst, a następnie wypisuje zaszyfrowany tekst w konsoli. Dla uproszczenia można przyjąć, że łańcuch wejściowy składa się tylko z małych liter alfabetu angielskiego, tj. `'a' - 'z'` oraz spacji.\n\n* Przykład a: tekst: `\"ala ma kota\"`, n: `1`, wynik: `\"bmb nb lpub\"`\n\n* Przykład b: tekst: `\"ala ma kota\"`, n: `26`, wynik: `\"ala ma kota\"`\n\nDane pobierz od użytkownika w konsoli za pomocą funkcji `input()`. Nie podawaj do niej żadnego argumentu.\n",
              "description_format" : "MD",
              "feedback_link" : {
                "link_type" : "STEPIK"
              },
              "task_type" : "edu"
            }
          ],
          "type" : "lesson"
        }
      ],
      "type" : "section"
    }
  ],
  "additional_files" : [
    {
      "name" : "main.py",
      "placeholders" : [ ],
      "is_visible" : true,
      "text" : "# This is a sample Python script.\r\n\r\n# Press Shift+F10 to execute it or replace it with your code.\r\n# Press Double Shift to search everywhere for classes, files, tool windows, actions, and settings.\r\n\r\n\r\ndef print_hi(name):\r\n    # Use a breakpoint in the code line below to debug your script.\r\n    print(f'Hi, {name}')  # Press Ctrl+F8 to toggle the breakpoint.\r\n\r\n\r\n# Press the green button in the gutter to run the script.\r\nif __name__ == '__main__':\r\n    print_hi('PyCharm')\r\n\r\n# See PyCharm help at https://www.jetbrains.com/help/pycharm/\r\n"
    }
  ],
  "version" : 11
}